method,seed,env_id,num_episodes,collector_mode,oracle_epsilon,num_train_steps,backend,P,M,w,logit_scale,last_loss,last_mean_pos_logit,last_mean_neg_logit,last_mean_pos_minus_neg_logit,last_frac_pos_logit_gt_neg_logit,last_mean_pos_obs_minus_surr_logit,last_mean_neg_surr_minus_obs_logit,mean_loss,mean_mean_pos_logit,mean_mean_neg_logit,mean_mean_pos_minus_neg_logit,mean_frac_pos_logit_gt_neg_logit,mean_mean_pos_obs_minus_surr_logit,mean_mean_neg_surr_minus_obs_logit,checkpoint_path
robust_v1,0,CausalContrastive-HiddenFork-15x15-v0,50,oracle_eps,0.2,20000,numpy,2,16,0.5,5.0,2.109751588371104,0.9437202772542789,0.054492203963281124,0.8892280732909976,0.84375,0.11668364897919783,2.3022642858026128,2.2826111491740497,1.0319622675010225,0.06631093407754893,0.9656513334234736,0.832346875,0.24497594496897931,2.6885345425542897,D:\Users\trhua\Research\causal-contrastive-rl\checkpoints\robust_v1_seed0_CausalContrastive_HiddenFork_15x15_v0_w0.50_oracle_eps.npz
robust_v1,1,CausalContrastive-HiddenFork-15x15-v0,50,oracle_eps,0.2,20000,numpy,2,16,0.5,5.0,2.0712845014816033,1.0802193205374986,-0.06765063398841964,1.1478699545259183,0.84375,0.24971069530081744,2.560255508803557,2.2839304436600094,1.0272118444299214,0.06542290843658462,0.9617889359933368,0.83401875,0.22560207515406705,2.6926524644243814,D:\Users\trhua\Research\causal-contrastive-rl\checkpoints\robust_v1_seed1_CausalContrastive_HiddenFork_15x15_v0_w0.50_oracle_eps.npz
robust_v1,2,CausalContrastive-HiddenFork-15x15-v0,50,oracle_eps,0.2,20000,numpy,2,16,0.5,5.0,2.364019048750728,1.2580237301686763,0.21439688739389234,1.0436268427747841,0.84375,0.3784841998840097,2.6699844975857747,2.287550918823597,1.027954180644415,0.05655626082741517,0.9713979198169996,0.833659375,0.2362072629963935,2.7119309231045574,D:\Users\trhua\Research\causal-contrastive-rl\checkpoints\robust_v1_seed2_CausalContrastive_HiddenFork_15x15_v0_w0.50_oracle_eps.npz
robust_v1,3,CausalContrastive-HiddenFork-15x15-v0,50,oracle_eps,0.2,20000,numpy,2,16,0.5,5.0,2.460808852644412,0.9293521320125362,0.25661104594110007,0.6727410860714361,0.84375,0.09245706967765122,2.796546479664655,2.290131324033795,1.0139013352158033,0.06708263357008139,0.9468187016457218,0.8299984375,0.23274431309025945,2.695734621554154,D:\Users\trhua\Research\causal-contrastive-rl\checkpoints\robust_v1_seed3_CausalContrastive_HiddenFork_15x15_v0_w0.50_oracle_eps.npz
robust_v1,4,CausalContrastive-HiddenFork-15x15-v0,50,oracle_eps,0.2,20000,numpy,2,16,0.5,5.0,1.6025756949452836,1.0045488279847086,-0.16660162627603317,1.1711504542607414,0.84375,0.12172057654499803,1.6565608392543822,2.2881115049123997,1.0226706233224088,0.058310510871468296,0.9643601124509403,0.8322296875,0.22752896002342832,2.7059792747746716,D:\Users\trhua\Research\causal-contrastive-rl\checkpoints\robust_v1_seed4_CausalContrastive_HiddenFork_15x15_v0_w0.50_oracle_eps.npz
robust_v1,0,CausalContrastive-HiddenFork-15x15-v0,50,oracle_eps,0.2,20000,numpy,2,16,0.7,5.0,1.7772301106328752,1.1586729448517321,0.035652006043427276,1.1230209388083048,0.875,0.25265837526787316,2.448117001573454,1.8630534096434666,1.2070456215112324,0.030486364056265678,1.1765592574549666,0.847340625,0.40840972538581216,2.8353976966630623,D:\Users\trhua\Research\causal-contrastive-rl\checkpoints\robust_v1_seed0_CausalContrastive_HiddenFork_15x15_v0_w0.70_oracle_eps.npz
robust_v1,1,CausalContrastive-HiddenFork-15x15-v0,50,oracle_eps,0.2,20000,numpy,2,16,0.7,5.0,1.6598081562121392,1.308489140005069,-0.09148961780592303,1.3999787578109921,0.90625,0.3741344406953636,2.7182557741982034,1.8637322620481374,1.2032433644411926,0.027530508356775653,1.1757128560844168,0.84891875,0.39255235238230035,2.843282778843494,D:\Users\trhua\Research\causal-contrastive-rl\checkpoints\robust_v1_seed1_CausalContrastive_HiddenFork_15x15_v0_w0.70_oracle_eps.npz
robust_v1,2,CausalContrastive-HiddenFork-15x15-v0,50,oracle_eps,0.2,20000,numpy,2,16,0.7,5.0,1.9544507169277772,1.4577911598117343,0.23539397656751693,1.2223971832442175,0.84375,0.5126933124370254,2.748298726310777,1.864202202220602,1.198701890463718,0.019202702248805662,1.1794991882149122,0.8493203125,0.41477162607939144,2.8540530970524234,D:\Users\trhua\Research\causal-contrastive-rl\checkpoints\robust_v1_seed2_CausalContrastive_HiddenFork_15x15_v0_w0.70_oracle_eps.npz
robust_v1,3,CausalContrastive-HiddenFork-15x15-v0,50,oracle_eps,0.2,20000,numpy,2,16,0.7,5.0,1.9995760580324715,1.1414254462617917,0.19214001965588884,0.9492854266059028,0.875,0.22110199690368332,3.0057485088286584,1.8702513941312147,1.196805109011132,0.030331100293528503,1.1664740087176033,0.8451296875,0.4115767200843414,2.8491442986798767,D:\Users\trhua\Research\causal-contrastive-rl\checkpoints\robust_v1_seed3_CausalContrastive_HiddenFork_15x15_v0_w0.70_oracle_eps.npz
robust_v1,4,CausalContrastive-HiddenFork-15x15-v0,50,oracle_eps,0.2,20000,numpy,2,16,0.7,5.0,1.4145953651056378,1.2143499942269282,-0.19719398899027482,1.4115439832172032,0.90625,0.35472725966222285,1.8931047824218128,1.8668166334835703,1.2013596465322876,0.019655485125628508,1.181704161406659,0.847009375,0.40696748467487304,2.856650072210773,D:\Users\trhua\Research\causal-contrastive-rl\checkpoints\robust_v1_seed4_CausalContrastive_HiddenFork_15x15_v0_w0.70_oracle_eps.npz
robust_v1,0,CausalContrastive-HiddenFork-15x15-v0,50,oracle_eps,0.2,20000,numpy,2,16,0.9,5.0,1.4002173490384282,1.6129037511302715,0.014634453101491196,1.5982692980287805,0.875,0.9133052934590744,2.764721878226692,1.4040289758347047,1.5075592154988653,0.007827887043038419,1.4997313284558267,0.847796875,0.9214083724859277,3.075312618682941,D:\Users\trhua\Research\causal-contrastive-rl\checkpoints\robust_v1_seed0_CausalContrastive_HiddenFork_15x15_v0_w0.90_oracle_eps.npz
robust_v1,1,CausalContrastive-HiddenFork-15x15-v0,50,oracle_eps,0.2,20000,numpy,2,16,0.9,5.0,1.19943381993679,1.615408692552968,-0.15792083422025263,1.7733295267732208,0.9375,0.919833453578535,3.0039238290862826,1.3999087599734863,1.5167215412792863,-0.0012770050035933592,1.5179985462828793,0.8505765625,0.9384031768011835,3.0901439675654356,D:\Users\trhua\Research\causal-contrastive-rl\checkpoints\robust_v1_seed1_CausalContrastive_HiddenFork_15x15_v0_w0.90_oracle_eps.npz
robust_v1,2,CausalContrastive-HiddenFork-15x15-v0,50,oracle_eps,0.2,20000,numpy,2,16,0.9,5.0,1.5492824175178084,1.794089042192009,0.2993500739850914,1.4947389682069177,0.84375,0.9698500307874103,2.8885752079873175,1.398749694729896,1.49584897322409,-0.008087451766029617,1.5039364249901195,0.8497171875,0.9462391544980095,3.0891630648868267,D:\Users\trhua\Research\causal-contrastive-rl\checkpoints\robust_v1_seed2_CausalContrastive_HiddenFork_15x15_v0_w0.90_oracle_eps.npz
robust_v1,3,CausalContrastive-HiddenFork-15x15-v0,50,oracle_eps,0.2,20000,numpy,2,16,0.9,5.0,1.4867999524500268,1.5261298813700606,0.12357036658423068,1.40255951478583,0.84375,0.9253757981337267,3.3422041425937645,1.4021272594688614,1.5078378421901188,0.0020985741156701126,1.5057392680744486,0.8473109375,0.9479148196460785,3.0848147361056677,D:\Users\trhua\Research\causal-contrastive-rl\checkpoints\robust_v1_seed3_CausalContrastive_HiddenFork_15x15_v0_w0.90_oracle_eps.npz
robust_v1,4,CausalContrastive-HiddenFork-15x15-v0,50,oracle_eps,0.2,20000,numpy,2,16,0.9,5.0,1.1412740851896697,1.552306010811396,-0.2337752205205753,1.7860812313319714,0.84375,1.050825708199061,2.178226424762464,1.4006934172201044,1.5106942648879829,-0.012562256233577079,1.5232565211215598,0.8482015625,0.939675311495259,3.0996648038599752,D:\Users\trhua\Research\causal-contrastive-rl\checkpoints\robust_v1_seed4_CausalContrastive_HiddenFork_15x15_v0_w0.90_oracle_eps.npz
robust_v1,0,CausalContrastive-HiddenFork-15x15-v0,50,oracle_eps,0.2,20000,numpy,2,16,1.0,5.0,1.144915807662785,1.8976652450803897,0.017206006657579362,1.8804592384228105,0.875,1.4829507861062345,2.9406339348844908,1.1414534379683998,1.6627125589822769,0.0034197436577076018,1.6592928153245696,0.8404546875,1.3246039224741664,3.2297291397612025,D:\Users\trhua\Research\causal-contrastive-rl\checkpoints\robust_v1_seed0_CausalContrastive_HiddenFork_15x15_v0_w1.00_oracle_eps.npz
robust_v1,1,CausalContrastive-HiddenFork-15x15-v0,50,oracle_eps,0.2,20000,numpy,2,16,1.0,5.0,0.8916228921979699,1.8183944948584396,-0.25189853526152683,2.0702930301199665,0.96875,1.4279300925736875,3.2774785045319894,1.1345123433821884,1.6626188366567614,-0.008234982906199976,1.6708538195629612,0.843709375,1.350829286506032,3.2366342847336265,D:\Users\trhua\Research\causal-contrastive-rl\checkpoints\robust_v1_seed1_CausalContrastive_HiddenFork_15x15_v0_w1.00_oracle_eps.npz
robust_v1,2,CausalContrastive-HiddenFork-15x15-v0,50,oracle_eps,0.2,20000,numpy,2,16,1.0,5.0,1.3407710587642254,1.9559782433857498,0.3509812286997797,1.6049970146859702,0.8125,1.3721124078726128,2.980515528581064,1.1346448936123144,1.6369219019533223,-0.014276502588308966,1.6511984045416312,0.8429015625,1.3525061847637618,3.2334458102739716,D:\Users\trhua\Research\causal-contrastive-rl\checkpoints\robust_v1_seed2_CausalContrastive_HiddenFork_15x15_v0_w1.00_oracle_eps.npz
robust_v1,3,CausalContrastive-HiddenFork-15x15-v0,50,oracle_eps,0.2,20000,numpy,2,16,1.0,5.0,1.2139518680913568,1.7309376844678066,0.15208150558761752,1.5788561788801891,0.84375,1.5096070498130811,3.4965786476953946,1.1368685875774411,1.655790283831554,-0.007656098166527431,1.6634463819980811,0.840425,1.3384767507820976,3.2317783854690263,D:\Users\trhua\Research\causal-contrastive-rl\checkpoints\robust_v1_seed3_CausalContrastive_HiddenFork_15x15_v0_w1.00_oracle_eps.npz
robust_v1,4,CausalContrastive-HiddenFork-15x15-v0,50,oracle_eps,0.2,20000,numpy,2,16,1.0,5.0,0.9621934424701089,1.6983063112389063,-0.23697879560654644,1.9352851068454529,0.875,1.6348236736084885,2.3471026408097098,1.1356939553488112,1.6633326455241941,-0.020711146041853718,1.6840437915660478,0.8410015625,1.356315325915076,3.251473496820883,D:\Users\trhua\Research\causal-contrastive-rl\checkpoints\robust_v1_seed4_CausalContrastive_HiddenFork_15x15_v0_w1.00_oracle_eps.npz
