seed,env_id,regime,has_hidden_confounder,trajectory_length,num_episodes,contrastive_k,batch_size,collector_mode,oracle_epsilon,num_train_steps,backend,last_loss,last_mean_pos_logit,last_mean_neg_logit,last_mean_pos_minus_neg_logit,mean_loss,mean_mean_pos_logit,mean_mean_neg_logit,mean_mean_pos_minus_neg_logit
0,CausalContrastive-HiddenFork-15x15-Clean-v0,clean,False,1147,50,4,32,oracle_eps,0.2,20000,numpy,0.5909527273805062,13.048661328044284,11.746684642678268,1.3019766853660162,0.4759738094726889,13.17505039053962,11.867336213151477,1.3077141773881407
0,CausalContrastive-HiddenFork-15x15-v0,confounded,True,1155,50,4,32,oracle_eps,0.2,20000,numpy,0.341841282530225,12.729164146469799,10.593262586191212,2.135901560278587,0.45192703358131364,12.915578120681216,11.454448058983468,1.4611300616977478
1,CausalContrastive-HiddenFork-15x15-Clean-v0,clean,False,1144,50,4,32,oracle_eps,0.2,20000,numpy,0.4246283014101347,12.97725804094245,11.256545164652938,1.7207128762895134,0.47274996422106924,13.162595266784235,11.82279803531702,1.3397972314672155
1,CausalContrastive-HiddenFork-15x15-v0,confounded,True,1152,50,4,32,oracle_eps,0.2,20000,numpy,0.35014703897195165,12.521393590449904,10.295447644741463,2.22594594570844,0.43702937092572386,12.942227979492099,11.330768395373083,1.6114595841190174
2,CausalContrastive-HiddenFork-15x15-Clean-v0,clean,False,1141,50,4,32,oracle_eps,0.2,20000,numpy,0.4185750209932959,12.778902908464344,10.868949899032733,1.9099530094316126,0.4841369702488597,13.200967932462406,11.961800513041728,1.2391674194206774
2,CausalContrastive-HiddenFork-15x15-v0,confounded,True,1149,50,4,32,oracle_eps,0.2,20000,numpy,0.3828290496129837,12.35181563091035,9.838802309577758,2.5130133213325907,0.47203020231394277,13.023611573840654,11.710277434354449,1.313334139486208
3,CausalContrastive-HiddenFork-15x15-Clean-v0,clean,False,1145,50,4,32,oracle_eps,0.2,20000,numpy,0.5024581084703031,13.053743438285743,11.480526390406464,1.5732170478792797,0.4729377487374395,13.145936167630955,11.787594802157765,1.3583413654731884
3,CausalContrastive-HiddenFork-15x15-v0,confounded,True,1153,50,4,32,oracle_eps,0.2,20000,numpy,0.24216261758432048,12.488008664341233,9.96560102441162,2.5224076399296123,0.4545225906886786,12.939942108799142,11.48252507842568,1.4574170303734642
4,CausalContrastive-HiddenFork-15x15-Clean-v0,clean,False,1144,50,4,32,oracle_eps,0.2,20000,numpy,0.32085985173687154,12.928961879499756,10.758756808293636,2.17020507120612,0.4679871107533193,13.097895502707097,11.722871695286258,1.3750238074208367
4,CausalContrastive-HiddenFork-15x15-v0,confounded,True,1150,50,4,32,oracle_eps,0.2,20000,numpy,0.3846743226158983,12.566437387082445,10.077511520440078,2.4889258666423695,0.45039879496209095,12.903776534664816,11.422486490313439,1.4812900443513763
