seed,env_id,regime,trajectory_length,num_episodes,valid_anchor_count,contrastive_k,P,M,w,logit_scale,collector_mode,oracle_epsilon,num_train_steps,backend,last_loss,last_mean_pos_logit,last_mean_neg_logit,last_mean_pos_minus_neg_logit,last_frac_pos_logit_gt_neg_logit,last_mean_pos_obs_minus_surr_logit,last_mean_neg_surr_minus_obs_logit,mean_loss,mean_mean_pos_logit,mean_mean_neg_logit,mean_mean_pos_minus_neg_logit,mean_frac_pos_logit_gt_neg_logit,mean_mean_pos_obs_minus_surr_logit,mean_mean_neg_surr_minus_obs_logit
0,CausalContrastive-HiddenFork-15x15-Clean-v0,clean,1147,50,847,4,2,16,0.9,5.0,oracle_eps,0.2,200,numpy,2.2290959876483765,1.0210440855354024,0.7973825667182518,0.2236615188171505,0.59375,1.0014277152409026,3.063753132786847,2.2053483400847034,1.558385312294409,0.8309193681630254,0.7274659441313834,0.6315625,1.0124717379152421,3.3609855966656688
0,CausalContrastive-HiddenFork-15x15-v0,confounded,1155,50,855,4,2,16,0.9,5.0,oracle_eps,0.2,200,numpy,1.796061338803789,1.4022182667437062,0.38484972673548223,1.0173685400082242,0.5625,0.8214013281524492,3.195044218067561,2.1162995764862162,1.5133812890607417,0.8022755515765704,0.7111057374841713,0.64296875,0.9059842275683946,3.063681970596954
1,CausalContrastive-HiddenFork-15x15-Clean-v0,clean,1144,50,844,4,2,16,0.9,5.0,oracle_eps,0.2,200,numpy,1.5619026517335897,1.1037828943850037,0.10659804006737639,0.9971848543176273,0.75,1.2165342717426715,3.190418831044232,2.256207501407261,1.54797339127359,0.93538410735637,0.6125892839172198,0.6178125,0.8917049585598045,3.2043285322846318
1,CausalContrastive-HiddenFork-15x15-v0,confounded,1152,50,852,4,2,16,0.9,5.0,oracle_eps,0.2,200,numpy,1.3554545799703932,0.8582198847383954,-0.31762160278608087,1.1758414875244763,0.78125,0.8434296935055808,3.196898640314675,2.222712105116438,1.6221540116100317,0.9466306742524883,0.6755233373575436,0.621875,0.800599098730365,2.957929674569869
2,CausalContrastive-HiddenFork-15x15-Clean-v0,clean,1141,50,841,4,2,16,0.9,5.0,oracle_eps,0.2,200,numpy,1.3524886115436294,1.3493547891044142,-0.3475327664757507,1.6968875555801648,0.875,1.1227127707860989,4.685856699844621,2.291687189042127,1.4905917412810437,0.9774157974906501,0.5131759437903934,0.5953125,0.9484087847843494,3.166664910794367
2,CausalContrastive-HiddenFork-15x15-v0,confounded,1149,50,849,4,2,16,0.9,5.0,oracle_eps,0.2,200,numpy,1.9859184000993921,0.7456085645728243,0.4822655117025998,0.2633430528702246,0.65625,1.0195141221750146,3.1924070559768696,2.2136899589333883,1.4819482325078468,0.9162326420370559,0.5657155904707908,0.61234375,0.9343912887656416,2.9921981847659826
3,CausalContrastive-HiddenFork-15x15-Clean-v0,clean,1145,50,845,4,2,16,0.9,5.0,oracle_eps,0.2,200,numpy,1.7395629969611175,1.2273459021942708,0.21415926614693936,1.0131866360473314,0.6875,1.2091026854518538,3.6583385013774743,2.2283288158192023,1.5197861847307221,0.835661833008514,0.6841243517222081,0.60703125,0.883654220810588,3.3450082181890424
3,CausalContrastive-HiddenFork-15x15-v0,confounded,1153,50,853,4,2,16,0.9,5.0,oracle_eps,0.2,200,numpy,1.6490612865974241,1.39423244258561,0.3438048296200139,1.0504276129655963,0.8125,1.0961067554882582,2.9503180449341615,2.1370164997532344,1.4791870278175585,0.7801817296055588,0.6990052982119996,0.6215625,0.9569184075666992,3.0880016705832367
4,CausalContrastive-HiddenFork-15x15-Clean-v0,clean,1144,50,844,4,2,16,0.9,5.0,oracle_eps,0.2,200,numpy,1.8345624296463143,1.070610233834261,0.15549771152324077,0.9151125223110204,0.75,0.9375466621239894,4.024311682494588,2.218378441462389,1.5441101052256108,0.820716930512981,0.7233931747126294,0.62296875,0.9510013157175204,3.3532763451616723
4,CausalContrastive-HiddenFork-15x15-v0,confounded,1150,50,850,4,2,16,0.9,5.0,oracle_eps,0.2,200,numpy,2.177540197098615,1.1375127052833267,0.7922245114190987,0.34528819386422793,0.65625,0.9791720669241398,2.890621452642631,2.2035603055928137,1.5036850523659857,0.9274541520002814,0.5762309003657043,0.61265625,0.824668008974885,2.955932507162729
